<application>
  <component name="RefactoringSettings">
    <option name="RENAME_SEARCH_IN_COMMENTS_FOR_CLASS" value="true" />
    <option name="INTRODUCE_FIELD_VISIBILITY" value="private" />
    <option name="INLINE_METHOD_THIS" value="true" />
    <option name="INLINE_FIELD_THIS" value="true" />
    <option name="INTRODUCE_CONSTANT_VISIBILITY" value="public" />
    <option name="INTRODUCE_LOCAL_CREATE_FINALS" value="true" />
    <option name="RENAME_ACCESSORS" value="false" />
  </component>
</application>