<application>
  <component name="BlazeWizardUserSettings">
    <settings>
      <entry key="blaze-wizard.last-imported-bazel-workspace" value="$USER_HOME$/mms::/Users/natalie/serverless-proxy" />
      <entry key="import-from-workspace.last-workspace-path" value="intellij.ultimate.skip.frontend.bazelproject" />
      <entry key="select-project-view.selected-option" value="import-from-workspace" />
      <entry key="select-workspace.selected-option" value="use-existing-bazel-workspace" />
    </settings>
  </component>
</application>