<application>
  <component name="CodeInsightSettings">
    <option name="selectAutopopupSuggestionsByChars" value="true" />
    <option name="SHOW_PARAMETER_NAME_HINTS_ON_COMPLETION" value="true" />
    <option name="SELECT_AUTOPOPUP_SUGGESTIONS_BY_CHARS" value="true" />
    <option name="USE_ACCESSORS_IN_EQUALS_HASHCODE" value="true" />
  </component>
  <component name="EditorSettings">
    <option name="languageBreadcrumbsMap">
      <map>
        <entry key="JAVA" value="true" />
      </map>
    </option>
    <option name="USE_SOFT_WRAPS" value="CONSOLE" />
    <option name="SHOW_BREADCRUMBS" value="false" />
  </component>
  <component name="InlayHintsSettings">
    <option name="lastViewedProviderKeyId" value="RelatedProblems" />
  </component>
  <component name="TodoConfiguration">
    <pattern pattern="\b(todo|fixme)\b.*" />
    <pattern useCustomColors="true" pattern="@natalie.*">
      <option name="FOREGROUND" value="9c6dbf" />
      <option name="BACKGROUND" value="ffdef0" />
      <option name="FONT_TYPE" value="3" />
      <option name="ERROR_STRIPE_COLOR" value="54aae3" />
    </pattern>
    <pattern icon="question" useCustomColors="true" pattern="@\?\?\?.*">
      <option name="FOREGROUND" value="9c6dbf" />
      <option name="BACKGROUND" value="ffddca" />
      <option name="FONT_TYPE" value="2" />
    </pattern>
    <pattern icon="question" useCustomColors="true" pattern="\*\*\*.*">
      <option name="FOREGROUND" value="ffe4f6" />
      <option name="BACKGROUND" value="411432" />
      <option name="FONT_TYPE" value="2" />
    </pattern>
    <filter name="natalie">
      <pattern index="2" />
      <pattern index="1" />
    </filter>
  </component>
</application>