<application>
  <component name="FindSettings">
    <option name="customScope" value="All Places" />
    <option name="defaultScopeName" value="All Places" />
    <option name="localWholeWordsOnly" value="true" />
    <option name="LOCAL_WHOLE_WORDS_ONLY" value="true" />
    <option name="SEARCH_SCOPE" value="All Places" />
    <mask>*.css</mask>
    <mask>*.html</mask>
    <mask>*.xml</mask>
    <mask>*.jsp</mask>
    <mask>*.properties</mask>
    <mask>*.spec.*</mask>
    <mask>*.js</mask>
    <mask>Api*.java</mask>
    <mask>ApiAtlas*View.java</mask>
    <mask>*AWS*.java</mask>
    <mask>*Step.java</mask>
    <mask>*.java</mask>
    <mask>*.ts</mask>
    <mask>*View.Java</mask>
    <mask>*.hbs</mask>
    <mask>*Tool.java</mask>
    <mask>*Dao.java</mask>
    <mask>*IntTests.java</mask>
    <mask>*.yml</mask>
    <mask>*.tsx</mask>
    <mask>*Resource.java</mask>
    <mask>*Tests.java</mask>
    <mask>*MigrationIntTests.java</mask>
    <mask>*Migration.java</mask>
    <mask>*UnitTests.java</mask>
  </component>
</application>