<application>
  <component name="FindSettings">
    <option name="customScope" value="Project Files" />
    <option name="defaultScopeName" value="Project Files" />
    <option name="SEARCH_SCOPE" value="Project Files" />
    <mask>ApiAtlas*View.java</mask>
    <mask>*AWS*.java</mask>
    <mask>*View.Java</mask>
    <mask>*.hbs</mask>
    <mask>*Tool.java</mask>
    <mask>*.yml</mask>
    <mask>*.js</mask>
    <mask>*.css</mask>
    <mask>*.html</mask>
    <mask>*.xml</mask>
    <mask>*.jsp</mask>
    <mask>*.properties</mask>
    <mask>ApiAtlas*Resource.java</mask>
    <mask>*SvcIntTests.java</mask>
    <mask>*.feature</mask>
    <mask>*.json.ftl</mask>
    <mask>*MoveUnitTests.java</mask>
    <mask>*MigrationIntTests.java</mask>
    <mask>*Move.java</mask>
    <mask>*StepUnitTests.java</mask>
    <mask>*Migration.java</mask>
    <mask>*Resource.java</mask>
    <mask>*_spec.rb</mask>
    <mask>*IdempotentMigrationIntTests.java</mask>
    <mask>*Modal.test.tsx</mask>
    <mask>*StepDefs.java</mask>
    <mask>*JobHandler.java</mask>
    <mask>*Step.java</mask>
    <mask>*test.tsx</mask>
    <mask>*MoveFactory.java</mask>
    <mask>*.java</mask>
    <mask>*.test.tsx</mask>
    <mask>*Job.java</mask>
    <mask>*Svc.java</mask>
    <mask>*.ts</mask>
    <mask>*.tsx</mask>
    <mask>*IntTests</mask>
    <mask>*IntTests.java</mask>
    <mask>*View.java</mask>
    <mask>*Tests.java</mask>
    <mask>*Dao.java</mask>
    <mask>*UnitTests.java</mask>
    <mask>*yml</mask>
    <mask>*yaml</mask>
  </component>
</application>