<application>
  <component name="GeneralSettings">
    <option name="showTipsOnStartup" value="true" />
    <option name="confirmExit" value="false" />
    <option name="confirmOpenNewProject2" value="-1" />
    <option name="processCloseConfirmation" value="TERMINATE" />
    <option name="supportScreenReaders" value="true" />
  </component>
  <component name="Registry">
    <entry key="ide.experimental.ui" value="true" source="SYSTEM" />
    <entry key="ide.tree.ui.experimental" value="false" source="SYSTEM" />
    <entry key="debugger.watches.in.variables" value="false" source="SYSTEM" />
    <entry key="editor.focus.mode.color.light" value="777777" source="SYSTEM" />
    <entry key="editor.focus.mode.color.dark" value="777777" source="SYSTEM" />
    <entry key="ide.balloon.shadow.size" value="0" source="SYSTEM" />
    <entry key="ide.editor.tab.selection.animation" value="true" source="SYSTEM" />
    <entry key="ide.new.editor.tabs.vertical.borders" value="true" source="SYSTEM" />
    <entry key="ide.animate.toolwindows" value="true" source="SYSTEM" />
    <entry key="idea.islands.gradient.enabled" value="false" source="SYSTEM" />
    <entry key="ide.colorful.toolbar.gradient.radius" value="600" source="SYSTEM" />
  </component>
  <component name="StatusBar">
    <option name="widgets">
      <map>
        <entry key="CwmWireStatsWidgetFactory" value="false" />
      </map>
    </option>
  </component>
</application>