<application>
  <component name="LafManager">
    <laf themeId="falcon-relax-dark-coffee" />
    <lafs-to-previous-schemes>
      <laf-to-scheme laf="1a889165-3e3a-4b17-8191-668be6e1fdca" scheme="_@user_Gradianto Nature Green" />
      <laf-to-scheme laf="OCEANIC" scheme="Gradianto Nature Green New" />
      <laf-to-scheme laf="b47ffd25-0f88-44f0-a69f-ec62814c9bde" scheme="_@user_Material Lighter" />
      <laf-to-scheme laf="com.github.catppuccin.macchiato.jetbrains" scheme="_@user_Gerry Violet" />
      <laf-to-scheme laf="d32e62e0-f0e1-4eab-b191-5304a2b628e1" scheme="_@user_Gruvbox Light Hard" />
      <laf-to-scheme laf="falcon-relax-light-green" scheme="_@user_Relax Light Grey Colorful" />
    </lafs-to-previous-schemes>
  </component>
</application>