<application>
  <component name="MaterialThemeNewConfig">
    <option name="accentState">
      <MTAccentConfigState>
        <option name="accentColorHex" value="dbab4a" />
      </MTAccentConfigState>
    </option>
    <option name="favoriteThemesState">
      <MTFavoriteThemesConfigState>
        <option name="favoriteThemes">
          <map>
            <entry key="1a889165-3e3a-4b17-8191-668be6e1fdca">
              <value>
                <MTFavoriteTheme />
              </value>
            </entry>
            <entry key="1a889165-3e3a-4b17-8191-668be6e1fdcf">
              <value>
                <MTFavoriteTheme />
              </value>
            </entry>
            <entry key="1eaba802-33fc-4d50-a13d-616387745dc0">
              <value>
                <MTFavoriteTheme />
              </value>
            </entry>
            <entry key="2b3a3367-4472-4b1b-8b0f-c89cbf584b65">
              <value>
                <MTFavoriteTheme />
              </value>
            </entry>
            <entry key="2b3a3367-4472-4b1b-8b0f-c89cbf584b66">
              <value>
                <MTFavoriteTheme />
              </value>
            </entry>
            <entry key="35936892-2c88-4445-bd8a-e293a7474f0c">
              <value>
                <MTFavoriteTheme />
              </value>
            </entry>
            <entry key="3ef5925f-3169-46ca-ba19-96a58f317428">
              <value>
                <MTFavoriteTheme />
              </value>
            </entry>
            <entry key="40b6d5e5-c8b1-4d60-bcb1-c3a747c1d46b">
              <value>
                <MTFavoriteTheme />
              </value>
            </entry>
            <entry key="5250e9ee-2388-4756-b36b-3ef847b57f5e">
              <value>
                <MTFavoriteTheme />
              </value>
            </entry>
            <entry key="64bac2a8-9558-4b8a-a0e0-a00000000013">
              <value>
                <MTFavoriteTheme />
              </value>
            </entry>
            <entry key="64bac2a8-9558-4b8a-a0e0-a00000000025">
              <value>
                <MTFavoriteTheme />
              </value>
            </entry>
            <entry key="64bac2a8-9558-4b8a-a0e0-a00000000026">
              <value>
                <MTFavoriteTheme />
              </value>
            </entry>
            <entry key="64bac2a8-9558-4b8a-a0e0-a00000000030">
              <value>
                <MTFavoriteTheme />
              </value>
            </entry>
            <entry key="64bac2a8-9558-4b8a-a0e0-a00000000035">
              <value>
                <MTFavoriteTheme />
              </value>
            </entry>
            <entry key="64bac2a8-9558-4b8a-a0e0-a00000000037">
              <value>
                <MTFavoriteTheme />
              </value>
            </entry>
            <entry key="64bac2a8-9558-4b8a-a0e0-a00000000039">
              <value>
                <MTFavoriteTheme />
              </value>
            </entry>
            <entry key="64bac2a8-9558-4b8a-a0e0-a00000000040">
              <value>
                <MTFavoriteTheme />
              </value>
            </entry>
            <entry key="64bac2a8-9558-4b8a-a0e0-a00000000043">
              <value>
                <MTFavoriteTheme />
              </value>
            </entry>
            <entry key="64bac2a8-9558-4b8a-a0e0-a00000000044">
              <value>
                <MTFavoriteTheme />
              </value>
            </entry>
            <entry key="64bac2a8-9558-4b8a-a0e0-a00000000047">
              <value>
                <MTFavoriteTheme />
              </value>
            </entry>
            <entry key="64bac2a8-9558-4b8a-a0e0-a00000000064">
              <value>
                <MTFavoriteTheme />
              </value>
            </entry>
            <entry key="64bac2a8-9558-4b8a-a0e0-a00000000066">
              <value>
                <MTFavoriteTheme />
              </value>
            </entry>
            <entry key="64bac2a8-9558-4b8a-a0e0-a4017ec9114b">
              <value>
                <MTFavoriteTheme />
              </value>
            </entry>
            <entry key="64bac2a8-9558-4b8a-a0e0-a4017ec9114c">
              <value>
                <MTFavoriteTheme />
              </value>
            </entry>
            <entry key="64bac2a8-9558-4b8a-a0e0-a4017ec9114d">
              <value>
                <MTFavoriteTheme />
              </value>
            </entry>
            <entry key="64bac2a8-9558-4b8a-a0e0-a4017ec91151">
              <value>
                <MTFavoriteTheme />
              </value>
            </entry>
            <entry key="64bac2a8-9558-4b8a-a0e0-a4017ec9115e">
              <value>
                <MTFavoriteTheme />
              </value>
            </entry>
            <entry key="667416a4-95ee-497b-aa5e-de270a2c85c3">
              <value>
                <MTFavoriteTheme />
              </value>
            </entry>
            <entry key="72be8783-3a4d-4044-bb03-191e61d21ed3">
              <value>
                <MTFavoriteTheme />
              </value>
            </entry>
            <entry key="761771ad-a164-482d-96ee-fca15bf0a238">
              <value>
                <MTFavoriteTheme />
              </value>
            </entry>
            <entry key="ARC_DARK">
              <value>
                <MTFavoriteTheme />
              </value>
            </entry>
            <entry key="DARKER">
              <value>
                <MTFavoriteTheme />
              </value>
            </entry>
            <entry key="DEEPOCEAN">
              <value>
                <MTFavoriteTheme />
              </value>
            </entry>
            <entry key="DRACULA">
              <value>
                <MTFavoriteTheme />
              </value>
            </entry>
            <entry key="Darcula">
              <value>
                <MTFavoriteTheme />
              </value>
            </entry>
            <entry key="ExperimentalDark">
              <value>
                <MTFavoriteTheme />
              </value>
            </entry>
            <entry key="ExperimentalLight">
              <value>
                <MTFavoriteTheme />
              </value>
            </entry>
            <entry key="ExperimentalLightWithLightHeader">
              <value>
                <MTFavoriteTheme />
              </value>
            </entry>
            <entry key="FOREST">
              <value>
                <MTFavoriteTheme />
              </value>
            </entry>
            <entry key="GITHUB">
              <value>
                <MTFavoriteTheme />
              </value>
            </entry>
            <entry key="GITHUB_DARK">
              <value>
                <MTFavoriteTheme />
              </value>
            </entry>
            <entry key="IntelliJ">
              <value>
                <MTFavoriteTheme />
              </value>
            </entry>
            <entry key="JetBrainsHighContrastTheme">
              <value>
                <MTFavoriteTheme />
              </value>
            </entry>
            <entry key="JetBrainsLightTheme">
              <value>
                <MTFavoriteTheme />
              </value>
            </entry>
            <entry key="LIGHTER">
              <value>
                <MTFavoriteTheme />
              </value>
            </entry>
            <entry key="LIGHT_OWL">
              <value>
                <MTFavoriteTheme />
              </value>
            </entry>
            <entry key="MONOKAI">
              <value>
                <MTFavoriteTheme />
              </value>
            </entry>
            <entry key="MOONLIGHT">
              <value>
                <MTFavoriteTheme />
              </value>
            </entry>
            <entry key="Many Islands Dark">
              <value>
                <MTFavoriteTheme />
              </value>
            </entry>
            <entry key="Many Islands Light">
              <value>
                <MTFavoriteTheme />
              </value>
            </entry>
            <entry key="NIGHT_OWL">
              <value>
                <MTFavoriteTheme />
              </value>
            </entry>
            <entry key="OCEANIC">
              <value>
                <MTFavoriteTheme />
              </value>
            </entry>
            <entry key="ONE_DARK">
              <value>
                <MTFavoriteTheme />
              </value>
            </entry>
            <entry key="ONE_LIGHT">
              <value>
                <MTFavoriteTheme />
              </value>
            </entry>
            <entry key="One Island Dark">
              <value>
                <MTFavoriteTheme />
              </value>
            </entry>
            <entry key="One Island Light">
              <value>
                <MTFavoriteTheme />
              </value>
            </entry>
            <entry key="PALENIGHT">
              <value>
                <MTFavoriteTheme />
              </value>
            </entry>
            <entry key="SANDYBEACH">
              <value>
                <MTFavoriteTheme />
              </value>
            </entry>
            <entry key="SKYBLUE">
              <value>
                <MTFavoriteTheme />
              </value>
            </entry>
            <entry key="SOLARIZED_DARK">
              <value>
                <MTFavoriteTheme />
              </value>
            </entry>
            <entry key="SOLARIZED_LIGHT">
              <value>
                <MTFavoriteTheme />
              </value>
            </entry>
            <entry key="SPACE">
              <value>
                <MTFavoriteTheme />
              </value>
            </entry>
            <entry key="SYNTHWAVE">
              <value>
                <MTFavoriteTheme />
              </value>
            </entry>
            <entry key="VOLCANO">
              <value>
                <MTFavoriteTheme />
              </value>
            </entry>
            <entry key="aba53ca3-4b86-48f1-a1d6-05024a9807ed">
              <value>
                <MTFavoriteTheme />
              </value>
            </entry>
            <entry key="b315d4cf-a00d-4d1a-9552-cff99c2eeef7">
              <value>
                <MTFavoriteTheme />
              </value>
            </entry>
            <entry key="b315d4cf-a00d-4d1a-9552-cff99c2eeef8">
              <value>
                <MTFavoriteTheme />
              </value>
            </entry>
            <entry key="b47ffd25-0f88-44f0-a69f-ec62814c9bde">
              <value>
                <MTFavoriteTheme />
              </value>
            </entry>
            <entry key="be9ee20a-ea64-4eac-b420-29191a79191e">
              <value>
                <MTFavoriteTheme />
              </value>
            </entry>
            <entry key="bfaeb3f4-6953-4cd7-a57f-32026d74acdd">
              <value>
                <MTFavoriteTheme />
              </value>
            </entry>
            <entry key="bfaeb3f4-6953-4cd7-a57f-32026d74acde">
              <value>
                <MTFavoriteTheme />
              </value>
            </entry>
            <entry key="c3f84cf4-72fb-49ac-bd03-9f47a41115a4">
              <value>
                <MTFavoriteTheme />
              </value>
            </entry>
            <entry key="com.funk.sage.theme">
              <value>
                <MTFavoriteTheme />
              </value>
            </entry>
            <entry key="com.github.catppuccin.frappe.jetbrains">
              <value>
                <MTFavoriteTheme />
              </value>
            </entry>
            <entry key="com.github.catppuccin.latte.jetbrains">
              <value>
                <MTFavoriteTheme />
              </value>
            </entry>
            <entry key="com.github.catppuccin.macchiato.jetbrains">
              <value>
                <MTFavoriteTheme />
              </value>
            </entry>
            <entry key="com.github.catppuccin.mocha.jetbrains">
              <value>
                <MTFavoriteTheme />
              </value>
            </entry>
            <entry key="com.github.eig114.darkburn">
              <value>
                <MTFavoriteTheme />
              </value>
            </entry>
            <entry key="com.github.smashedtoatoms.zenburn">
              <value>
                <MTFavoriteTheme />
              </value>
            </entry>
            <entry key="d32e62e0-f0e1-4eab-b191-5304a2b628e1">
              <value>
                <MTFavoriteTheme />
              </value>
            </entry>
            <entry key="d97839ff-2d08-4ff5-ae61-b075f351d8ac">
              <value>
                <MTFavoriteTheme />
              </value>
            </entry>
            <entry key="db80b25a-05a3-417c-86ba-ae5a42f4d14f">
              <value>
                <MTFavoriteTheme />
              </value>
            </entry>
            <entry key="f2de70af-bc81-47f2-a734-4c807d5ca444">
              <value>
                <MTFavoriteTheme />
              </value>
            </entry>
            <entry key="falcon-relax-dark">
              <value>
                <MTFavoriteTheme />
              </value>
            </entry>
            <entry key="falcon-relax-dark-blue">
              <value>
                <MTFavoriteTheme />
              </value>
            </entry>
            <entry key="falcon-relax-dark-coffee">
              <value>
                <MTFavoriteTheme />
              </value>
            </entry>
            <entry key="falcon-relax-dark-darcula">
              <value>
                <MTFavoriteTheme />
              </value>
            </entry>
            <entry key="falcon-relax-dark-green">
              <value>
                <MTFavoriteTheme />
              </value>
            </entry>
            <entry key="falcon-relax-dark-violet">
              <value>
                <MTFavoriteTheme />
              </value>
            </entry>
            <entry key="falcon-relax-light-bean-green">
              <value>
                <MTFavoriteTheme />
              </value>
            </entry>
            <entry key="falcon-relax-light-buff">
              <value>
                <MTFavoriteTheme />
              </value>
            </entry>
            <entry key="falcon-relax-light-celadon">
              <value>
                <MTFavoriteTheme />
              </value>
            </entry>
            <entry key="falcon-relax-light-green">
              <value>
                <MTFavoriteTheme />
              </value>
            </entry>
            <entry key="falcon-relax-light-green-contrast">
              <value>
                <MTFavoriteTheme />
              </value>
            </entry>
            <entry key="falcon-relax-light-grey">
              <value>
                <MTFavoriteTheme />
              </value>
            </entry>
            <entry key="falcon-relax-light-pink">
              <value>
                <MTFavoriteTheme />
              </value>
            </entry>
            <entry key="falcon-relax-light-sage-green">
              <value>
                <MTFavoriteTheme />
              </value>
            </entry>
            <entry key="falcon-relax-light-yellow">
              <value>
                <MTFavoriteTheme />
              </value>
            </entry>
            <entry key="islandsGerryDarcula">
              <value>
                <MTFavoriteTheme />
              </value>
            </entry>
            <entry key="islandsGerryDark">
              <value>
                <MTFavoriteTheme />
              </value>
            </entry>
            <entry key="islandsGerryLight">
              <value>
                <MTFavoriteTheme />
              </value>
            </entry>
          </map>
        </option>
      </MTFavoriteThemesConfigState>
    </option>
    <option name="metadata">
      <MTMetadataState>
        <option name="migrated" value="true" />
        <option name="userId" value="3d9be9ae:182379c0118:-8000" />
        <option name="version" value="10.4.0" />
        <option name="wizardShown" value="true" />
      </MTMetadataState>
    </option>
    <option name="themeState">
      <MTThemeConfigState>
        <option name="selectedThemeName" value="NATIVE" />
      </MTThemeConfigState>
    </option>
  </component>
</application>