<application>
  <component name="NodeJsLocalInterpreterManager">
    <local-interpreter path="$USER_HOME$/n/bin/node">
      <version-cache last-modified="0" />
    </local-interpreter>
    <local-interpreter path="/opt/homebrew/bin/node">
      <version-cache version="21.6.1" last-modified="1706909411076" />
    </local-interpreter>
    <local-interpreter path="/usr/local/bin/node">
      <version-cache version="16.18.0" last-modified="1696011963456" />
    </local-interpreter>
    <local-interpreter path="$USER_HOME$/.asdf/installs/nodejs/21.1.0/bin/node">
      <version-cache version="21.1.0" last-modified="1698428966922" />
    </local-interpreter>
    <local-interpreter path="$USER_HOME$/.asdf/installs/nodejs/16.20.1/bin/node">
      <version-cache version="16.20.1" last-modified="1697476948431" />
    </local-interpreter>
    <local-interpreter path="$USER_HOME$/.asdf/shims/node">
      <version-cache version="22.17.1" last-modified="1763051424222" />
    </local-interpreter>
    <local-interpreter path="$USER_HOME$/.asdf/installs/nodejs/16.18.0/bin/node">
      <version-cache version="16.18.0" last-modified="1696013051839" />
    </local-interpreter>
    <local-interpreter path="$USER_HOME$/n/n/versions/node/16.13.1/bin/node">
      <version-cache last-modified="0" />
    </local-interpreter>
  </component>
</application>