<application>
  <component name="NodeJsLocalInterpreterManager">
    <local-interpreter path="/usr/local/bin/node" />
    <local-interpreter path="/usr/local/Cellar/node/17.4.0/bin/node" />
    <local-interpreter path="/usr/local/Cellar/node/16.6.1/bin/node" />
    <local-interpreter path="/usr/local/Cellar/node/15.11.0/bin/node" />
    <local-interpreter path="/usr/local/Cellar/node/14.5.0/bin/node" />
    <local-interpreter path="/usr/local/Cellar/node/11.14.0/bin/node" />
  </component>
</application>