<application>
  <component name="UISettings">
    <option name="EDITOR_TAB_LIMIT" value="1" />
    <option name="EDITOR_TAB_PLACEMENT" value="0" />
    <option name="HIDE_TABS_IF_NEED" value="false" />
    <option name="HIDE_TOOL_STRIPES" value="true" />
    <option name="OPEN_TABS_AT_THE_END" value="true" />
    <option name="OVERRIDE_NONIDEA_LAF_FONTS" value="true" />
    <option name="REUSE_NOT_MODIFIED_TABS" value="true" />
    <option name="SHOW_INPLACE_COMMENTS" value="true" />
    <option name="SHOW_NAVIGATION_BAR_MEMBERS" value="false" />
    <option name="SHOW_NAVIGATION_BAR" value="false" />
    <option name="SHOW_STATUS_BAR" value="false" />
  </component>
</application>