<application>
  <component name="UISettings">
    <option name="EDITOR_TAB_LIMIT" value="1" />
    <option name="EDITOR_TAB_PLACEMENT" value="0" />
    <option name="HIDE_TABS_IF_NEED" value="false" />
    <option name="HIDE_TOOL_STRIPES" value="true" />
    <option name="MAX_LOOKUP_LIST_HEIGHT" value="18" />
    <option name="MAX_LOOKUP_WIDTH2" value="596" />
    <option name="NAVIGATION_BAR_LOCATION" value="TOP" />
    <option name="OPEN_TABS_AT_THE_END" value="true" />
    <option name="REUSE_NOT_MODIFIED_TABS" value="true" />
    <option name="SHOW_NAVIGATION_BAR_MEMBERS" value="false" />
    <option name="SHOW_STATUS_BAR" value="false" />
    <option name="UI_DENSITY" value="COMPACT" />
  </component>
</application>