<application>
  <component name="DimensionService">
    <location key="find.popup.0.0.3456.2234@192dpi" x="254" y="220" />
    <location key="find.popup.1728.0.2560.1440" x="2106" y="310" />
    <location key="find.popup.0.0.2560.1440" x="332" y="292" />
    <location key="find.popup.-2560.0.2560.1440" x="-1633" y="133" />
    <location key="find.popup.-1440.-774.1440.2560" x="-1073" y="-47" />
    <location key="find.popup.1728.0.1920.1080" x="2422" y="122" />
    <location key="find.popup.-2560.-219.2560.1440" x="-2240" y="-91" />
    <location key="find.popup.-4000.-883.1440.2560" x="-3813" y="-364" />
    <location key="find.popup.1728.-756.2560.1440" x="2315" y="-610" />
    <location key="find.popup.1728.-525.2560.1440" x="2050" y="-399" />
    <location key="find.popup.-2560.-178.2560.1440" x="-1975" y="-28" />
    <location key="find.popup.-4000.-810.1440.2560" x="-1975" y="-6" />
    <location key="find.popup.-2560.-238.2560.1440" x="-2239" y="-112" />
    <location key="find.popup.1728.-687.2560.1440" x="1988" y="-412" />
    <location key="find.popup.-2560.-883.2560.1440" x="-2228" y="-591" />
    <location key="find.popup.-2560.-221.2560.1440" x="-2187" y="89" />
    <location key="find.popup.-2560.-99.2560.1440" x="-2180" y="169" />
    <location key="find.popup.-4000.-654.1440.2560" x="-3787" y="-103" />
    <location key="find.popup.1728.-951.2560.1440" x="2058" y="-578" />
    <location key="find.popup.1728.-81.2560.1440" x="2106" y="229" />
    <location key="find.popup.4288.-868.1440.2560" x="2106" y="229" />
    <location key="find.popup.1728.-106.2560.1440" x="2106" y="204" />
    <location key="find.popup.-2560.-59.2560.1440" x="-1793" y="409" />
    <location key="find.popup.-4000.-884.1440.2560" x="-2147" y="184" />
    <size key="GridCell.Tab.0.left.0.0.3456.2234@192dpi" width="2590" height="574" />
    <size key="GridCell.Tab.0.center.0.0.3456.2234@192dpi" width="2590" height="574" />
    <size key="GridCell.Tab.0.right.0.0.3456.2234@192dpi" width="2590" height="574" />
    <size key="GridCell.Tab.0.bottom.0.0.3456.2234@192dpi" width="2590" height="574" />
    <size key="GridCell.Tab.1.left.0.0.3456.2234@192dpi" width="3456" height="572" />
    <size key="GridCell.Tab.1.center.0.0.3456.2234@192dpi" width="3456" height="572" />
    <size key="GridCell.Tab.1.right.0.0.3456.2234@192dpi" width="3456" height="572" />
    <size key="GridCell.Tab.1.bottom.0.0.3456.2234@192dpi" width="3456" height="572" />
    <size key="GridCell.Tab.0.left.0.0.2560.1440" width="722" height="1342" />
    <size key="GridCell.Tab.0.center.0.0.2560.1440" width="722" height="1342" />
    <size key="GridCell.Tab.0.right.0.0.2560.1440" width="722" height="1342" />
    <size key="GridCell.Tab.0.bottom.0.0.2560.1440" width="722" height="1342" />
    <size key="GridCell.Tab.1.left.0.0.2560.1440" width="722" height="1342" />
    <size key="GridCell.Tab.1.center.0.0.2560.1440" width="722" height="1342" />
    <size key="GridCell.Tab.1.right.0.0.2560.1440" width="722" height="1342" />
    <size key="GridCell.Tab.1.bottom.0.0.2560.1440" width="722" height="1342" />
    <size key="find.popup.0.0.3456.2234@192dpi" width="2864" height="1488" />
    <size key="find.popup.1728.0.2560.1440" width="1821" height="1040" />
    <size key="find.popup.0.0.2560.1440" width="1821" height="1040" />
    <size key="find.popup.-2560.0.2560.1440" width="1504" height="1040" />
    <size key="GridCell.Tab.0.left.-1440.-774.1440.2560" width="565" height="2479" />
    <size key="GridCell.Tab.0.center.-1440.-774.1440.2560" width="565" height="2479" />
    <size key="GridCell.Tab.0.right.-1440.-774.1440.2560" width="565" height="2479" />
    <size key="GridCell.Tab.0.bottom.-1440.-774.1440.2560" width="565" height="2479" />
    <size key="GridCell.Tab.1.left.-1440.-774.1440.2560" width="651" height="1004" />
    <size key="GridCell.Tab.1.center.-1440.-774.1440.2560" width="651" height="1004" />
    <size key="GridCell.Tab.1.right.-1440.-774.1440.2560" width="651" height="1004" />
    <size key="GridCell.Tab.1.bottom.-1440.-774.1440.2560" width="651" height="1004" />
    <size key="find.popup.-1440.-774.1440.2560" width="1019" height="1833" />
    <size key="GridCell.Tab.0.left.1728.0.2560.1440" width="1728" height="1004" />
    <size key="GridCell.Tab.0.center.1728.0.2560.1440" width="1728" height="1004" />
    <size key="GridCell.Tab.0.right.1728.0.2560.1440" width="1728" height="1004" />
    <size key="GridCell.Tab.0.bottom.1728.0.2560.1440" width="1728" height="1004" />
    <size key="GridCell.Tab.1.left.1728.0.2560.1440" width="1728" height="1004" />
    <size key="GridCell.Tab.1.center.1728.0.2560.1440" width="1728" height="1004" />
    <size key="GridCell.Tab.1.right.1728.0.2560.1440" width="1728" height="1004" />
    <size key="GridCell.Tab.1.bottom.1728.0.2560.1440" width="1728" height="1004" />
    <size key="GridCell.Tab.0.left.5120.288.3456.2234@192dpi" width="2558" height="2104" />
    <size key="GridCell.Tab.0.center.5120.288.3456.2234@192dpi" width="2558" height="2104" />
    <size key="GridCell.Tab.0.right.5120.288.3456.2234@192dpi" width="2558" height="2104" />
    <size key="GridCell.Tab.0.bottom.5120.288.3456.2234@192dpi" width="2558" height="2104" />
    <size key="GridCell.Tab.1.left.5120.288.3456.2234@192dpi" width="2558" height="2104" />
    <size key="GridCell.Tab.1.center.5120.288.3456.2234@192dpi" width="2558" height="2104" />
    <size key="GridCell.Tab.1.right.5120.288.3456.2234@192dpi" width="2558" height="2104" />
    <size key="GridCell.Tab.1.bottom.5120.288.3456.2234@192dpi" width="2558" height="2104" />
    <size key="find.popup.1728.0.1920.1080" width="1129" height="763" />
    <size key="find.popup.-2560.-219.2560.1440" width="1901" height="1040" />
    <size key="GridCell.Tab.0.left.-2560.-219.2560.1440" width="733" height="1332" />
    <size key="GridCell.Tab.0.center.-2560.-219.2560.1440" width="733" height="1332" />
    <size key="GridCell.Tab.0.right.-2560.-219.2560.1440" width="733" height="1332" />
    <size key="GridCell.Tab.0.bottom.-2560.-219.2560.1440" width="733" height="1332" />
    <size key="GridCell.Tab.1.left.-2560.-219.2560.1440" width="733" height="1332" />
    <size key="GridCell.Tab.1.center.-2560.-219.2560.1440" width="733" height="1332" />
    <size key="GridCell.Tab.1.right.-2560.-219.2560.1440" width="733" height="1332" />
    <size key="GridCell.Tab.1.bottom.-2560.-219.2560.1440" width="733" height="1332" />
    <size key="GridCell.Tab.0.left.-4000.-883.1440.2560" width="920" height="2234" />
    <size key="GridCell.Tab.0.center.-4000.-883.1440.2560" width="920" height="2234" />
    <size key="GridCell.Tab.0.right.-4000.-883.1440.2560" width="920" height="2234" />
    <size key="GridCell.Tab.0.bottom.-4000.-883.1440.2560" width="920" height="2234" />
    <size key="find.popup.-4000.-883.1440.2560" width="1025" height="1849" />
    <size key="GridCell.Tab.1.left.-4000.-883.1440.2560" width="920" height="2234" />
    <size key="GridCell.Tab.1.center.-4000.-883.1440.2560" width="920" height="2234" />
    <size key="GridCell.Tab.1.right.-4000.-883.1440.2560" width="920" height="2234" />
    <size key="GridCell.Tab.1.bottom.-4000.-883.1440.2560" width="920" height="2234" />
    <size key="GridCell.Tab.0.left.1728.-756.2560.1440" width="1025" height="672" />
    <size key="GridCell.Tab.0.center.1728.-756.2560.1440" width="1025" height="672" />
    <size key="GridCell.Tab.0.right.1728.-756.2560.1440" width="1025" height="672" />
    <size key="GridCell.Tab.0.bottom.1728.-756.2560.1440" width="1025" height="672" />
    <size key="GridCell.Tab.1.left.1728.-756.2560.1440" width="1025" height="672" />
    <size key="GridCell.Tab.1.center.1728.-756.2560.1440" width="1025" height="672" />
    <size key="GridCell.Tab.1.right.1728.-756.2560.1440" width="1025" height="672" />
    <size key="GridCell.Tab.1.bottom.1728.-756.2560.1440" width="1025" height="672" />
    <size key="find.popup.1728.-756.2560.1440" width="891" height="694" />
    <size key="find.popup.1728.-525.2560.1440" width="1901" height="1040" />
    <size key="GridCell.Tab.0.left.1728.-525.2560.1440" width="1919" height="286" />
    <size key="GridCell.Tab.0.center.1728.-525.2560.1440" width="1919" height="286" />
    <size key="GridCell.Tab.0.right.1728.-525.2560.1440" width="1919" height="286" />
    <size key="GridCell.Tab.0.bottom.1728.-525.2560.1440" width="1919" height="286" />
    <size key="GridCell.Tab.1.left.1728.-525.2560.1440" width="1391" height="1392" />
    <size key="GridCell.Tab.1.center.1728.-525.2560.1440" width="1391" height="1392" />
    <size key="GridCell.Tab.1.right.1728.-525.2560.1440" width="1391" height="1392" />
    <size key="GridCell.Tab.1.bottom.1728.-525.2560.1440" width="1391" height="1392" />
    <size key="find.popup.-2560.-178.2560.1440" width="889" height="694" />
    <size key="find.popup.-4000.-810.1440.2560" width="889" height="681" />
    <size key="GridCell.Tab.0.left.-2560.-178.2560.1440" width="489" height="1359" />
    <size key="GridCell.Tab.0.center.-2560.-178.2560.1440" width="489" height="1359" />
    <size key="GridCell.Tab.0.right.-2560.-178.2560.1440" width="489" height="1359" />
    <size key="GridCell.Tab.0.bottom.-2560.-178.2560.1440" width="489" height="1359" />
    <size key="GridCell.Tab.1.left.-2560.-178.2560.1440" width="732" height="2508" />
    <size key="GridCell.Tab.1.center.-2560.-178.2560.1440" width="732" height="2508" />
    <size key="GridCell.Tab.1.right.-2560.-178.2560.1440" width="732" height="2508" />
    <size key="GridCell.Tab.1.bottom.-2560.-178.2560.1440" width="732" height="2508" />
    <size key="GridCell.Tab.0.left.-4000.-810.1440.2560" width="732" height="2508" />
    <size key="GridCell.Tab.0.center.-4000.-810.1440.2560" width="732" height="2508" />
    <size key="GridCell.Tab.0.right.-4000.-810.1440.2560" width="732" height="2508" />
    <size key="GridCell.Tab.0.bottom.-4000.-810.1440.2560" width="732" height="2508" />
    <size key="GridCell.Tab.1.left.-4000.-810.1440.2560" width="732" height="2508" />
    <size key="GridCell.Tab.1.center.-4000.-810.1440.2560" width="732" height="2508" />
    <size key="GridCell.Tab.1.right.-4000.-810.1440.2560" width="732" height="2508" />
    <size key="GridCell.Tab.1.bottom.-4000.-810.1440.2560" width="732" height="2508" />
    <size key="GridCell.Tab.0.left.0.0.1920.1080" width="106" height="1032" />
    <size key="GridCell.Tab.0.center.0.0.1920.1080" width="106" height="1032" />
    <size key="GridCell.Tab.0.right.0.0.1920.1080" width="106" height="1032" />
    <size key="GridCell.Tab.0.bottom.0.0.1920.1080" width="106" height="1032" />
    <size key="GridCell.Tab.1.left.0.0.1920.1080" width="106" height="1032" />
    <size key="GridCell.Tab.1.center.0.0.1920.1080" width="106" height="1032" />
    <size key="GridCell.Tab.1.right.0.0.1920.1080" width="106" height="1032" />
    <size key="GridCell.Tab.1.bottom.0.0.1920.1080" width="106" height="1032" />
    <size key="find.popup.-2560.-238.2560.1440" width="1901" height="1040" />
    <size key="GridCell.Tab.0.left.-2560.-238.2560.1440" width="638" height="971" />
    <size key="GridCell.Tab.0.center.-2560.-238.2560.1440" width="638" height="971" />
    <size key="GridCell.Tab.0.right.-2560.-238.2560.1440" width="638" height="971" />
    <size key="GridCell.Tab.0.bottom.-2560.-238.2560.1440" width="638" height="971" />
    <size key="GridCell.Tab.1.left.-2560.-238.2560.1440" width="638" height="971" />
    <size key="GridCell.Tab.1.center.-2560.-238.2560.1440" width="638" height="971" />
    <size key="GridCell.Tab.1.right.-2560.-238.2560.1440" width="638" height="971" />
    <size key="GridCell.Tab.1.bottom.-2560.-238.2560.1440" width="638" height="971" />
    <size key="find.popup.1728.-687.2560.1440" width="2030" height="1120" />
    <size key="GridCell.Tab.0.left.1728.-687.2560.1440" width="1919" height="431" />
    <size key="GridCell.Tab.0.center.1728.-687.2560.1440" width="1919" height="431" />
    <size key="GridCell.Tab.0.right.1728.-687.2560.1440" width="1919" height="431" />
    <size key="GridCell.Tab.0.bottom.1728.-687.2560.1440" width="1919" height="431" />
    <size key="GridCell.Tab.1.left.1728.-687.2560.1440" width="1728" height="1036" />
    <size key="GridCell.Tab.1.center.1728.-687.2560.1440" width="1728" height="1036" />
    <size key="GridCell.Tab.1.right.1728.-687.2560.1440" width="1728" height="1036" />
    <size key="GridCell.Tab.1.bottom.1728.-687.2560.1440" width="1728" height="1036" />
    <size key="GridCell.Tab.0.left.-2560.-883.2560.1440" width="760" height="1332" />
    <size key="GridCell.Tab.0.center.-2560.-883.2560.1440" width="760" height="1332" />
    <size key="GridCell.Tab.0.right.-2560.-883.2560.1440" width="760" height="1332" />
    <size key="GridCell.Tab.0.bottom.-2560.-883.2560.1440" width="760" height="1332" />
    <size key="GridCell.Tab.1.left.-2560.-883.2560.1440" width="760" height="1332" />
    <size key="GridCell.Tab.1.center.-2560.-883.2560.1440" width="760" height="1332" />
    <size key="GridCell.Tab.1.right.-2560.-883.2560.1440" width="760" height="1332" />
    <size key="GridCell.Tab.1.bottom.-2560.-883.2560.1440" width="760" height="1332" />
    <size key="GridCell.Tab.2.left.-2560.-883.2560.1440" width="733" height="975" />
    <size key="GridCell.Tab.2.center.-2560.-883.2560.1440" width="733" height="975" />
    <size key="GridCell.Tab.2.right.-2560.-883.2560.1440" width="733" height="975" />
    <size key="GridCell.Tab.2.bottom.-2560.-883.2560.1440" width="733" height="975" />
    <size key="GridCell.Tab.3.left.-2560.-883.2560.1440" width="733" height="975" />
    <size key="GridCell.Tab.3.center.-2560.-883.2560.1440" width="733" height="975" />
    <size key="GridCell.Tab.3.right.-2560.-883.2560.1440" width="733" height="975" />
    <size key="GridCell.Tab.3.bottom.-2560.-883.2560.1440" width="733" height="975" />
    <size key="find.popup.-2560.-883.2560.1440" width="1823" height="1041" />
    <size key="GridCell.Tab.2.left.1728.-687.2560.1440" width="733" height="1074" />
    <size key="GridCell.Tab.2.center.1728.-687.2560.1440" width="733" height="1074" />
    <size key="GridCell.Tab.2.right.1728.-687.2560.1440" width="733" height="1074" />
    <size key="GridCell.Tab.2.bottom.1728.-687.2560.1440" width="733" height="1074" />
    <size key="GridCell.Tab.3.left.1728.-687.2560.1440" width="733" height="1074" />
    <size key="GridCell.Tab.3.center.1728.-687.2560.1440" width="733" height="1074" />
    <size key="GridCell.Tab.3.right.1728.-687.2560.1440" width="733" height="1074" />
    <size key="GridCell.Tab.3.bottom.1728.-687.2560.1440" width="733" height="1074" />
    <size key="find.popup.-2560.-221.2560.1440" width="1821" height="1040" />
    <size key="GridCell.Tab.0.left.-2560.-221.2560.1440" width="733" height="1342" />
    <size key="GridCell.Tab.0.center.-2560.-221.2560.1440" width="733" height="1342" />
    <size key="GridCell.Tab.0.right.-2560.-221.2560.1440" width="733" height="1342" />
    <size key="GridCell.Tab.0.bottom.-2560.-221.2560.1440" width="733" height="1342" />
    <size key="GridCell.Tab.1.left.-2560.-221.2560.1440" width="733" height="1342" />
    <size key="GridCell.Tab.1.center.-2560.-221.2560.1440" width="733" height="1342" />
    <size key="GridCell.Tab.1.right.-2560.-221.2560.1440" width="733" height="1342" />
    <size key="GridCell.Tab.1.bottom.-2560.-221.2560.1440" width="733" height="1342" />
    <size key="find.popup.-2560.-99.2560.1440" width="2030" height="1120" />
    <size key="GridCell.Tab.0.left.-2560.-99.2560.1440" width="1919" height="582" />
    <size key="GridCell.Tab.0.center.-2560.-99.2560.1440" width="1919" height="582" />
    <size key="GridCell.Tab.0.right.-2560.-99.2560.1440" width="1919" height="582" />
    <size key="GridCell.Tab.0.bottom.-2560.-99.2560.1440" width="1919" height="582" />
    <size key="GridCell.Tab.1.left.-2560.-99.2560.1440" width="1728" height="1004" />
    <size key="GridCell.Tab.1.center.-2560.-99.2560.1440" width="1728" height="1004" />
    <size key="GridCell.Tab.1.right.-2560.-99.2560.1440" width="1728" height="1004" />
    <size key="GridCell.Tab.1.bottom.-2560.-99.2560.1440" width="1728" height="1004" />
    <size key="GridCell.Tab.0.left.-4000.-654.1440.2560" width="1127" height="2462" />
    <size key="GridCell.Tab.0.center.-4000.-654.1440.2560" width="1127" height="2462" />
    <size key="GridCell.Tab.0.right.-4000.-654.1440.2560" width="1127" height="2462" />
    <size key="GridCell.Tab.0.bottom.-4000.-654.1440.2560" width="1127" height="2462" />
    <size key="GridCell.Tab.1.left.-4000.-654.1440.2560" width="1127" height="2462" />
    <size key="GridCell.Tab.1.center.-4000.-654.1440.2560" width="1127" height="2462" />
    <size key="GridCell.Tab.1.right.-4000.-654.1440.2560" width="1127" height="2462" />
    <size key="GridCell.Tab.1.bottom.-4000.-654.1440.2560" width="1127" height="2462" />
    <size key="find.popup.-4000.-654.1440.2560" width="1025" height="1849" />
    <size key="find.popup.1728.-951.2560.1440" width="1695" height="745" />
    <size key="GridCell.Tab.0.left.1728.-951.2560.1440" width="2560" height="286" />
    <size key="GridCell.Tab.0.center.1728.-951.2560.1440" width="2560" height="286" />
    <size key="GridCell.Tab.0.right.1728.-951.2560.1440" width="2560" height="286" />
    <size key="GridCell.Tab.0.bottom.1728.-951.2560.1440" width="2560" height="286" />
    <size key="GridCell.Tab.1.left.1728.-951.2560.1440" width="1728" height="1004" />
    <size key="GridCell.Tab.1.center.1728.-951.2560.1440" width="1728" height="1004" />
    <size key="GridCell.Tab.1.right.1728.-951.2560.1440" width="1728" height="1004" />
    <size key="GridCell.Tab.1.bottom.1728.-951.2560.1440" width="1728" height="1004" />
    <size key="GridCell.Tab.0.left.1728.-81.2560.1440" width="1440" height="1005" />
    <size key="GridCell.Tab.0.center.1728.-81.2560.1440" width="1440" height="1005" />
    <size key="GridCell.Tab.0.right.1728.-81.2560.1440" width="1440" height="1005" />
    <size key="GridCell.Tab.0.bottom.1728.-81.2560.1440" width="1440" height="1005" />
    <size key="GridCell.Tab.1.left.1728.-81.2560.1440" width="1440" height="1005" />
    <size key="GridCell.Tab.1.center.1728.-81.2560.1440" width="1440" height="1005" />
    <size key="GridCell.Tab.1.right.1728.-81.2560.1440" width="1440" height="1005" />
    <size key="GridCell.Tab.1.bottom.1728.-81.2560.1440" width="1440" height="1005" />
    <size key="find.popup.1728.-81.2560.1440" width="1821" height="1040" />
    <size key="GridCell.Tab.0.left.4288.-868.1440.2560" width="1440" height="1366" />
    <size key="GridCell.Tab.0.center.4288.-868.1440.2560" width="1440" height="1366" />
    <size key="GridCell.Tab.0.right.4288.-868.1440.2560" width="1440" height="1366" />
    <size key="GridCell.Tab.0.bottom.4288.-868.1440.2560" width="1440" height="1366" />
    <size key="GridCell.Tab.1.left.4288.-868.1440.2560" width="1440" height="1366" />
    <size key="GridCell.Tab.1.center.4288.-868.1440.2560" width="1440" height="1366" />
    <size key="GridCell.Tab.1.right.4288.-868.1440.2560" width="1440" height="1366" />
    <size key="GridCell.Tab.1.bottom.4288.-868.1440.2560" width="1440" height="1366" />
    <size key="find.popup.4288.-868.1440.2560" width="1821" height="1040" />
    <size key="find.popup.1728.-106.2560.1440" width="1821" height="1040" />
    <size key="GridCell.Tab.0.left.1728.-106.2560.1440" width="1728" height="1004" />
    <size key="GridCell.Tab.0.center.1728.-106.2560.1440" width="1728" height="1004" />
    <size key="GridCell.Tab.0.right.1728.-106.2560.1440" width="1728" height="1004" />
    <size key="GridCell.Tab.0.bottom.1728.-106.2560.1440" width="1728" height="1004" />
    <size key="GridCell.Tab.1.left.1728.-106.2560.1440" width="1728" height="1004" />
    <size key="GridCell.Tab.1.center.1728.-106.2560.1440" width="1728" height="1004" />
    <size key="GridCell.Tab.1.right.1728.-106.2560.1440" width="1728" height="1004" />
    <size key="GridCell.Tab.1.bottom.1728.-106.2560.1440" width="1728" height="1004" />
    <size key="find.popup.-2560.-59.2560.1440" width="1432" height="745" />
    <size key="GridCell.Tab.0.left.-2560.-59.2560.1440" width="2560" height="286" />
    <size key="GridCell.Tab.0.center.-2560.-59.2560.1440" width="2560" height="286" />
    <size key="GridCell.Tab.0.right.-2560.-59.2560.1440" width="2560" height="286" />
    <size key="GridCell.Tab.0.bottom.-2560.-59.2560.1440" width="2560" height="286" />
    <size key="GridCell.Tab.1.left.-2560.-59.2560.1440" width="2560" height="286" />
    <size key="GridCell.Tab.1.center.-2560.-59.2560.1440" width="2560" height="286" />
    <size key="GridCell.Tab.1.right.-2560.-59.2560.1440" width="2560" height="286" />
    <size key="GridCell.Tab.1.bottom.-2560.-59.2560.1440" width="2560" height="286" />
    <size key="GridCell.Tab.4.left.0.0.3456.2234@192dpi" width="3456" height="2072" />
    <size key="GridCell.Tab.4.center.0.0.3456.2234@192dpi" width="3456" height="2072" />
    <size key="GridCell.Tab.4.right.0.0.3456.2234@192dpi" width="3456" height="2072" />
    <size key="GridCell.Tab.4.bottom.0.0.3456.2234@192dpi" width="3456" height="2072" />
    <size key="GridCell.Tab.5.left.0.0.3456.2234@192dpi" width="3456" height="2072" />
    <size key="GridCell.Tab.5.center.0.0.3456.2234@192dpi" width="3456" height="2072" />
    <size key="GridCell.Tab.5.right.0.0.3456.2234@192dpi" width="3456" height="2072" />
    <size key="GridCell.Tab.5.bottom.0.0.3456.2234@192dpi" width="3456" height="2072" />
    <size key="GridCell.Tab.6.left.0.0.3456.2234@192dpi" width="3456" height="2072" />
    <size key="GridCell.Tab.6.center.0.0.3456.2234@192dpi" width="3456" height="2072" />
    <size key="GridCell.Tab.6.right.0.0.3456.2234@192dpi" width="3456" height="2072" />
    <size key="GridCell.Tab.6.bottom.0.0.3456.2234@192dpi" width="3456" height="2072" />
    <size key="GridCell.Tab.2.left.0.0.3456.2234@192dpi" width="3456" height="2072" />
    <size key="GridCell.Tab.2.center.0.0.3456.2234@192dpi" width="3456" height="2072" />
    <size key="GridCell.Tab.2.right.0.0.3456.2234@192dpi" width="3456" height="2072" />
    <size key="GridCell.Tab.2.bottom.0.0.3456.2234@192dpi" width="3456" height="2072" />
    <size key="GridCell.Tab.3.left.0.0.3456.2234@192dpi" width="3456" height="2072" />
    <size key="GridCell.Tab.3.center.0.0.3456.2234@192dpi" width="3456" height="2072" />
    <size key="GridCell.Tab.3.right.0.0.3456.2234@192dpi" width="3456" height="2072" />
    <size key="GridCell.Tab.3.bottom.0.0.3456.2234@192dpi" width="3456" height="2072" />
    <size key="GridCell.Tab.-1.left.-2560.-59.2560.1440" width="973" height="1342" />
    <size key="GridCell.Tab.-1.center.-2560.-59.2560.1440" width="973" height="1342" />
    <size key="GridCell.Tab.-1.right.-2560.-59.2560.1440" width="973" height="1342" />
    <size key="GridCell.Tab.-1.bottom.-2560.-59.2560.1440" width="973" height="1342" />
    <size key="GridCell.Tab.0.left.-4000.-884.1440.2560" width="1440" height="2516" />
    <size key="GridCell.Tab.0.center.-4000.-884.1440.2560" width="1440" height="2516" />
    <size key="GridCell.Tab.0.right.-4000.-884.1440.2560" width="1440" height="2516" />
    <size key="GridCell.Tab.0.bottom.-4000.-884.1440.2560" width="1440" height="2516" />
    <size key="GridCell.Tab.1.left.-4000.-884.1440.2560" width="1440" height="2516" />
    <size key="GridCell.Tab.1.center.-4000.-884.1440.2560" width="1440" height="2516" />
    <size key="GridCell.Tab.1.right.-4000.-884.1440.2560" width="1440" height="2516" />
    <size key="GridCell.Tab.1.bottom.-4000.-884.1440.2560" width="1440" height="2516" />
    <size key="find.popup.-4000.-884.1440.2560" width="1838" height="1099" />
  </component>
  <component name="WindowManager">
    <frame x="0" y="33" width="1728" height="1084" extendedState="6" fullScreen="true" />
  </component>
  <component name="WindowStateApplicationService">
    <state width="887" height="490" key="ShowUsagesActions.dimensionServiceKey" timestamp="1763672709399">
      <screen x="0" y="34" width="1728" height="1083" />
    </state>
    <state width="887" height="210" key="ShowUsagesActions.dimensionServiceKey/0.32.1728.1085" timestamp="1763065177883" />
    <state width="981" height="266" key="ShowUsagesActions.dimensionServiceKey/0.32.1728.1085/-4000.-859.1440.2535/-2560.-34.2560.1415" timestamp="1758823857971" />
    <state width="786" height="350" key="ShowUsagesActions.dimensionServiceKey/0.32.1728.1085/1728.-513.2560.1415" timestamp="1759343164389" />
    <state width="786" height="98" key="ShowUsagesActions.dimensionServiceKey/0.32.1728.1085/1728.-926.2560.1415" timestamp="1761331109110" />
    <state width="887" height="490" key="ShowUsagesActions.dimensionServiceKey/0.34.1728.1083" timestamp="1763672709399" />
    <state width="845" height="210" key="ShowUsagesActions.dimensionServiceKey/0.38.1728.1079" timestamp="1760384370774" />
    <state width="894" height="98" key="ShowUsagesActions.dimensionServiceKey/0.38.1728.1079/-2560.-59.2560.1440/-4000.-859.1440.2535" timestamp="1757016167775" />
    <state width="916" height="154" key="ShowUsagesActions.dimensionServiceKey/0.38.1728.1079/-4000.-859.1440.2535/-2560.-34.2560.1415" timestamp="1760035420075" />
    <state width="887" height="210" key="ShowUsagesActions.dimensionServiceKey/0.38.1728.1079/-4000.-859.1440.2535/-2560.-59.2560.1440" timestamp="1763063951663" />
    <state width="765" height="238" key="ShowUsagesActions.dimensionServiceKey/0.38.1728.1079/-4000.-884.1440.2560/-2560.-59.2560.1440" timestamp="1755113347142" />
    <state width="858" height="126" key="ShowUsagesActions.dimensionServiceKey/0.38.1728.1079/1728.-951.2560.1440" timestamp="1761859208379" />
    <state x="864" y="506" width="800" height="650" key="WELCOME_SCREEN" timestamp="1759524315598">
      <screen x="0" y="38" width="1728" height="1079" />
    </state>
    <state x="864" y="506" width="800" height="650" key="WELCOME_SCREEN/0.38.1728.1079" timestamp="1759524315598" />
    <state x="864" y="506" width="800" height="650" key="WELCOME_SCREEN/0.38.1728.1079/1728.-926.2560.1415" timestamp="1759505182010" />
  </component>
</application>